,precision,recall,f1-score,support
1,0.0,0.0,0.0,2.0
2,0.8494983277591973,0.7888198757763976,0.818035426731079,966.0
3,0.7250996015936255,0.8029411764705883,0.7620376831821354,680.0
4,0.0,0.0,0.0,2.0
accuracy,0.7927272727272727,0.7927272727272727,0.7927272727272727,0.7927272727272727
macro avg,0.39364948233820574,0.39794026306174646,0.3950182774783036,1650.0
weighted avg,0.7961715840600303,0.7927272727272727,0.7929744525976209,1650.0
