,precision,recall,f1-score,support
1,0.0,0.0,0.0,2.0
2,0.5854545454545454,1.0,0.7385321100917431,966.0
3,0.0,0.0,0.0,680.0
4,0.0,0.0,0.0,2.0
accuracy,0.5854545454545454,0.5854545454545454,0.5854545454545454,0.5854545454545454
macro avg,0.14636363636363636,0.25,0.18463302752293578,1650.0
weighted avg,0.3427570247933884,0.5854545454545454,0.43237698081734777,1650.0
