,precision,recall,f1-score,support
1,0.0,0.0,0.0,2.0
2,0.8812095032397408,0.84472049689441,0.8625792811839323,966.0
3,0.7911479944674965,0.8411764705882353,0.8153955808980755,680.0
4,0.0,0.0,0.0,2.0
accuracy,0.8412121212121212,0.8412121212121212,0.8412121212121212,0.8412121212121212
macro avg,0.4180893744268093,0.4214742418706613,0.41949371552050196,1650.0
weighted avg,0.8419569796166589,0.8412121212121212,0.8410427761420424,1650.0
