,precision,recall,f1-score,support
1,0.0,0.0,0.0,2.0
2,0.7836134453781513,0.772256728778468,0.7778936392075079,966.0
3,0.6819484240687679,0.7,0.6908563134978228,680.0
4,0.0,0.0,0.0,2.0
accuracy,0.7406060606060606,0.7406060606060606,0.7406060606060606,0.7406060606060606
macro avg,0.36639046736172975,0.368064182194617,0.3671874881763327,1650.0
weighted avg,0.7398154646073067,0.7406060606060606,0.7401379082745285,1650.0
