,precision,recall,f1-score,support
0,0.0,0.0,0.0,6.0
1,0.0,0.0,0.0,256.0
2,0.6507552306927561,1.0,0.7884333408044512,460818.0
3,0.0,0.0,0.0,224840.0
4,0.0,0.0,0.0,22208.0
accuracy,0.6507552306927561,0.6507552306927561,0.6507552306927561,0.6507552306927561
macro avg,0.13015104613855122,0.2,0.15768666816089022,708128.0
weighted avg,0.4234823702739822,0.6507552306927561,0.513077120581061,708128.0
