,precision,recall,f1-score,support
0,0.0,0.0,0.0,6.0
1,0.0,0.0,0.0,256.0
2,0.6711422415175164,0.9084475866828119,0.7719694552884359,460818.0
3,0.45881335040060683,0.17217132182885608,0.2503848492296547,224840.0
4,0.0,0.0,0.0,22208.0
accuracy,0.645843689276515,0.645843689276515,0.645843689276515,0.645843689276515
macro avg,0.22599111838362465,0.2161237817023336,0.2044708609036181,708128.0
weighted avg,0.5824286275301801,0.645843689276515,0.5818636601686447,708128.0
